gene,function
bs-rplA,rProtein
bs-rplB,rProtein
bs-rplC,rProtein
bs-rplD,rProtein
bs-rplE,rProtein
bs-rplF,rProtein
bs-rplI,rProtein
bs-rplJ,rProtein
bs-rplK,rProtein
bs-rplL,rProtein
bs-rplM,rProtein
bs-rplNA,rProtein
bs-rplO,rProtein
bs-rplP,rProtein
bs-rplQ,rProtein
bs-rplR,rProtein
bs-rplS,rProtein
bs-rplT,rProtein
bs-rplU,rProtein
bs-rplV,rProtein
bs-rplW,rProtein
bs-rplX,rProtein
bs-rpmA,rProtein
bs-rpmB,rProtein
bs-rpmC,rProtein
bs-rpmD,rProtein
bs-rpmEA,rProtein
bs-rpmEB,rProtein
bs-rpmF,rProtein
bs-rpmGA,rProtein
bs-rpmGB,rProtein
bs-rpmGCc,rProtein
bs-rpmGCc,rProtein
bs-rpmGCc,rProtein
bs-rpmGCc,rProtein
bs-rpmGCn,rProtein
bs-rpmH,rProtein
bs-rpmI,rProtein
bs-rpmJ,rProtein
bs-rpsA,rProtein
bs-rpsB,rProtein
bs-rpsC,rProtein
bs-rpsD,rProtein
bs-rpsE,rProtein
bs-rpsF,rProtein
bs-rpsG,rProtein
bs-rpsH,rProtein
bs-rpsI,rProtein
bs-rpsJ,rProtein
bs-rpsK,rProtein
bs-rpsL,rProtein
bs-rpsM,rProtein
bs-rpsNA,rProtein
bs-rpsNB,rProtein
bs-rpsO,rProtein
bs-rpsP,rProtein
bs-rpsQ,rProtein
bs-rpsR,rProtein
bs-rpsS,rProtein
bs-rpsT,rProtein
bs-rpsU,rProtein
bs-rrnA-16S,rRNA
bs-rrnA-23S,rRNA
bs-rrnA-5S,rRNA
bs-rrnB-16S,rRNA
bs-rrnB-23S,rRNA
bs-rrnB-5S,rRNA
bs-rrnD-16S,rRNA
bs-rrnD-23S,rRNA
bs-rrnD-5S,rRNA
bs-rrnE-16S,rRNA
bs-rrnE-23S,rRNA
bs-rrnE-5S,rRNA
bs-rrnG-16S,rRNA
bs-rrnG-23S,rRNA
bs-rrnG-5S,rRNA
bs-rrnH-16S,rRNA
bs-rrnH-23S,rRNA
bs-rrnH-5S,rRNA
bs-rrnI-16S,rRNA
bs-rrnI-23S,rRNA
bs-rrnI-5S,rRNA
bs-rrnJ-16S,rRNA
bs-rrnJ-23S,rRNA
bs-rrnJ-5S,rRNA
bs-rrnO-16S,rRNA
bs-rrnO-23S,rRNA
bs-rrnO-5S,rRNA
bs-rrnW-16S,rRNA
bs-rrnW-23S,rRNA
bs-rrnW-5S,rRNA
bs-asnTA,tRNA
bs-cysTA,tRNA
bs-glyTB,tRNA
bs-leuTA,tRNA
bs-leuTB,tRNA
bs-trnB-Ala,tRNA
bs-trnB-Arg,tRNA
bs-trnB-Asn,tRNA
bs-trnB-Asp,tRNA
bs-trnB-Glu,tRNA
bs-trnB-Gly1,tRNA
bs-trnB-Gly2,tRNA
bs-trnB-His,tRNA
bs-trnB-Ile2,tRNA
bs-trnB-Leu1,tRNA
bs-trnB-Leu2,tRNA
bs-trnB-Lys,tRNA
bs-trnB-Met1,tRNA
bs-trnB-Met2,tRNA
bs-trnB-Met3,tRNA
bs-trnB-Phe,tRNA
bs-trnB-Pro,tRNA
bs-trnB-Ser1,tRNA
bs-trnB-Ser2,tRNA
bs-trnB-Thr,tRNA
bs-trnB-Val,tRNA
bs-trnD-Asp,tRNA
bs-trnD-Gln,tRNA
bs-trnD-Glu,tRNA
bs-trnD-His,tRNA
bs-trnD-Met,tRNA
bs-trnD-Phe,tRNA
bs-trnD-Ser,tRNA
bs-trnD-Thr,tRNA
bs-trnD-Trp,tRNA
bs-trnD-Tyr,tRNA
bs-trnD-Val,tRNA
bs-trnE-Arg,tRNA
bs-trnE-Asp,tRNA
bs-trnE-Gly,tRNA
bs-trnE-Met,tRNA
bs-trnI-Ala,tRNA
bs-trnI-Arg,tRNA
bs-trnI-Asn,tRNA
bs-trnI-Gly,tRNA
bs-trnI-Pro,tRNA
bs-trnI-Thr,tRNA
bs-trnO-Ile,tRNA
bs-trnQ-Arg,tRNA
bs-trnS-Asn,tRNA
bs-trnS-Gln,tRNA
bs-trnS-Glu,tRNA
bs-trnSL-Ala1,tRNA
bs-trnSL-Arg1,tRNA
bs-trnSL-Arg2,tRNA
bs-trnS-Leu1,tRNA
bs-trnS-Leu2,tRNA
bs-trnSL-Gln1,tRNA
bs-trnSL-Gln2,tRNA
bs-trnSL-Glu2,tRNA
bs-trnSL-Gly1,tRNA
bs-trnSL-Thr1,tRNA
bs-trnSL-Tyr1,tRNA
bs-trnSL-Val1,tRNA
bs-trnSL-Val2,tRNA
bs-trnS-Lys,tRNA
bs-trnS-Ser,tRNA
bs-trnY-Asp,tRNA
bs-trnY-Glu,tRNA
bs-trnY-Lys,tRNA
bs-trnY-Phe,tRNA
